{
	"by": "bangetto",
	"textures": {
		"0": "item/paint/back",
		"1": "item/paint/match",
		"particle": "item/paint/back"
	},
	"elements": [
		{
			"name": "front",
			"from": [-8, 0, 9],
			"to": [24, 32, 9],
			"faces": {
				"north": {"uv": [0, 0, 16, 16], "texture": "#missing"},
				"east": {"uv": [0, 0, 0, 16], "texture": "#missing"},
				"south": {"uv": [0, 0, 16, 16], "texture": "#1"},
				"west": {"uv": [0, 0, 0, 16], "texture": "#missing"},
				"up": {"uv": [0, 0, 16, 0], "texture": "#missing"},
				"down": {"uv": [0, 0, 16, 0], "texture": "#missing"}
			}
		},
		{
			"from": [-8, 0, 8],
			"to": [8, 16, 9],
			"faces": {
				"north": {"uv": [0, 0, 16, 16], "texture": "#0"},
				"west": {"uv": [0, 0, 1, 16], "texture": "#0"},
				"down": {"uv": [0, 0, 16, 1], "texture": "#0"}
			}
		},
		{
			"from": [-8, 16, 8],
			"to": [8, 32, 9],
			"faces": {
				"north": {"uv": [0, 0, 16, 16], "texture": "#0"},
				"west": {"uv": [0, 0, 1, 16], "texture": "#0"},
				"up": {"uv": [0, 0, 16, 1], "texture": "#0"}
			}
		},
		{
			"from": [8, 0, 8],
			"to": [24, 16, 9],
			"faces": {
				"north": {"uv": [0, 0, 16, 16], "texture": "#0"},
				"east": {"uv": [0, 0, 1, 16], "texture": "#0"},
				"down": {"uv": [0, 0, 16, 1], "texture": "#0"}
			}
		},
		{
			"from": [8, 16, 8],
			"to": [24, 32, 9],
			"faces": {
				"north": {"uv": [0, 0, 16, 16], "texture": "#0"},
				"east": {"uv": [0, 0, 1, 16], "texture": "#0"},
				"up": {"uv": [0, 0, 16, 1], "texture": "#0"}
			}
		}
	],
	"gui_light": "front",
	"display": {
		"thirdperson_righthand": {
			"translation": [0, 1.5, 1],
			"scale": [0.32, 0.32, 0.32]
		},
		"thirdperson_lefthand": {
			"translation": [0, 1.5, 1],
			"scale": [0.32, 0.32, 0.32]
		},
		"firstperson_righthand": {
			"rotation": [0, -90, 25],
			"translation": [1.13, 2.95, 1.13],
			"scale": [0.42, 0.42, 0.42]
		},
		"firstperson_lefthand": {
			"rotation": [0, -90, 25],
			"translation": [1.13, 2.95, 1.13],
			"scale": [0.42, 0.42, 0.42]
		},
		"ground": {
			"translation": [0, 2, 0],
			"scale": [0.5, 0.5, 0.5]
		},
		"gui": {
			"translation": [0, -4, 0],
			"scale": [0.5, 0.5, 0.5]
		},
		"head": {
			"rotation": [0, 180, 0],
			"translation": [0, 13, 7]
		},
		"fixed": {
			"rotation": [0, 180, 0],
			"translation": [0, -8, 0]
		}
	},
	"groups": [
		0,
		{
			"name": "back",
			"origin": [0, 0, 0],
			"color": 0,
			"nbt": "{}",
			"children": [1, 2, 3, 4]
		}
	]
}