{
	"display": {
		"icon": {
			"item": "minecraft:candle"
		},
		"title": {"translate":"Setting up the mood"},
		"description": {"color":"green","translate":"Place a candle and light it using Flint and Steel"},
		"announce_to_chat": "true"
	},
	"parent": "blazeandcave:building/one_pickle_two_pickle_sea_pickle_four",
	"rewards": {
		"function": "bc_rewards:building/setting_up_the_mood"
	},		
	"criteria": {
		"candle": {
			"trigger": "minecraft:item_used_on_block",
			"conditions": {
				"location": [
					{
						"condition": "minecraft:location_check",
						"predicate": {
							"block": {
								"tag": "blazeandcave:candles_and_cakes"
							}
						}
					},
					{
						"condition": "minecraft:match_tool",
						"predicate": {
							"tag": "blazeandcave:candle_lightables"
						}
					}
				]
			}
		}
	}
}