{
    "overrides": [
        {
            "predicate": {
                "nbt": {
                    "EntityTag": {
                      "variant": "minecraft:kebab"
                    }
                  }                  
            },
            "model": "item/paint/kebab"
        },
        {
            "predicate": {
                "nbt": {
                    "EntityTag": {
                      "variant": "minecraft:aztec"
                    }
                  }                  
            },
            "model": "item/paint/aztec"
        },
        {
            "predicate": {
                "nbt": {
                    "EntityTag": {
                      "variant": "minecraft:alban"
                    }
                  }                  
            },
            "model": "item/paint/alban"
        },
        {
            "predicate": {
                "nbt": {
                    "EntityTag": {
                      "variant": "minecraft:aztec2"
                    }
                  }                  
            },
            "model": "item/paint/aztec2"
        },
        {
            "predicate": {
                "nbt": {
                    "EntityTag": {
                      "variant": "minecraft:bomb"
                    }
                  }                  
            },
            "model": "item/paint/bomb"
        },
        {
            "predicate": {
                "nbt": {
                    "EntityTag": {
                      "variant": "minecraft:plant"
                    }
                  }                  
            },
            "model": "item/paint/plant"
        },
        {
            "predicate": {
                "nbt": {
                    "EntityTag": {
                      "variant": "minecraft:wasteland"
                    }
                  }                  
            },
            "model": "item/paint/wasteland"
        },
        {
            "predicate": {
                "nbt": {
                    "EntityTag": {
                      "variant": "minecraft:wanderer"
                    }
                  }                  
            },
            "model": "item/paint/wanderer"
        },
        {
            "predicate": {
                "nbt": {
                    "EntityTag": {
                      "variant": "minecraft:graham"
                    }
                  }                  
            },
            "model": "item/paint/graham"
        },
        {
            "predicate": {
                "nbt": {
                    "EntityTag": {
                      "variant": "minecraft:pool"
                    }
                  }                  
            },
            "model": "item/paint/pool"
        },
        {
            "predicate": {
                "nbt": {
                    "EntityTag": {
                      "variant": "minecraft:courbet"
                    }
                  }                  
            },
            "model": "item/paint/courbet"
        },
        {
            "predicate": {
                "nbt": {
                    "EntityTag": {
                      "variant": "minecraft:sea"
                    }
                  }                  
            },
            "model": "item/paint/sea"
        },
        {
            "predicate": {
                "nbt": {
                    "EntityTag": {
                      "variant": "minecraft:sunset"
                    }
                  }                  
            },
            "model": "item/paint/sunset"
        },
        {
            "predicate": {
                "nbt": {
                    "EntityTag": {
                      "variant": "minecraft:creebet"
                    }
                  }                  
            },
            "model": "item/paint/creebet"
        },
        {
            "predicate": {
                "nbt": {
                    "EntityTag": {
                      "variant": "minecraft:match"
                    }
                  }                  
            },
            "model": "item/paint/match"
        },
        {
            "predicate": {
                "nbt": {
                    "EntityTag": {
                      "variant": "minecraft:bust"
                    }
                  }                  
            },
            "model": "item/paint/bust"
        },
        {
            "predicate": {
                "nbt": {
                    "EntityTag": {
                      "variant": "minecraft:stage"
                    }
                  }                  
            },
            "model": "item/paint/stage"
        },
        {
            "predicate": {
                "nbt": {
                    "EntityTag": {
                      "variant": "minecraft:void"
                    }
                  }                  
            },
            "model": "item/paint/void"
        },
        {
            "predicate": {
                "nbt": {
                    "EntityTag": {
                      "variant": "minecraft:skull_and_roses"
                    }
                  }                  
            },
            "model": "item/paint/skull_and_roses"
        },
        {
            "predicate": {
                "nbt": {
                    "EntityTag": {
                      "variant": "minecraft:wither"
                    }
                  }
            },
            "model": "item/paint/wither"
        },
        {
            "predicate": {
                "nbt": {
                    "EntityTag": {
                      "variant": "minecraft:earth"
                    }
                  }
            },
            "model": "item/paint/earth"
        },
        {
            "predicate": {
                "nbt": {
                    "EntityTag": {
                      "variant": "minecraft:wind"
                    }
                  }
            },
            "model": "item/paint/wind"
        },
        {
            "predicate": {
                "nbt": {
                    "EntityTag": {
                      "variant": "minecraft:water"
                    }
                  }
            },
            "model": "item/paint/water"
        },
        {
            "predicate": {
                "nbt": {
                    "EntityTag": {
                      "variant": "minecraft:fire"
                    }
                  }
            },
            "model": "item/paint/fire"
        },
        {
            "predicate": {
                "nbt": {
                    "EntityTag": {
                      "variant": "minecraft:fighters"
                    }
                  }
            },
            "model": "item/paint/fighters"
        },
        {
            "predicate": {
                "nbt": {
                    "EntityTag": {
                      "variant": "minecraft:skeleton"
                    }
                  }
            },
            "model": "item/paint/skeleton"
        },
        {
            "predicate": {
                "nbt": {
                    "EntityTag": {
                      "variant": "minecraft:donkey_kong"
                    }
                  }
            },
            "model": "item/paint/donkey_kong"
        },
        {
            "predicate": {
                "nbt": {
                    "EntityTag": {
                      "variant": "minecraft:pointer"
                    }
                  }
            },
            "model": "item/paint/pointer"
        },
        {
            "predicate": {
                "nbt": {
                    "EntityTag": {
                      "variant": "minecraft:pigscene"
                    }
                  }
            },
            "model": "item/paint/pigscene"
        },
        {
            "predicate": {
                "nbt": {
                    "EntityTag": {
                      "variant": "minecraft:burning_skull"
                    }
                  }
            },
            "model": "item/paint/burning_skull"
        },


        {
            "predicate": {
                "nbt": {
                    "EntityTag": {
                      "variant": "darkpaintings:skyblock"
                    }
                  }
            },
            "model": "darkpaintings:item/paint/skyblock"
        },
        {
          "predicate": {
              "nbt": {
                  "EntityTag": {
                    "variant": "darkpaintings:mr_moon"
                  }
                }
          },
          "model": "darkpaintings:item/paint/mr_moon"
      },
      {
        "predicate": {
            "nbt": {
                "EntityTag": {
                  "variant": "darkpaintings:bubbles"
                }
              }
        },
        "model": "darkpaintings:item/paint/bubbles"
      },
      {
        "predicate": {
            "nbt": {
                "EntityTag": {
                  "variant": "darkpaintings:cottage_by_the_river"
                }
              }
        },
        "model": "darkpaintings:item/paint/cottage_by_the_river"
      },
      {
        "predicate": {
            "nbt": {
                "EntityTag": {
                  "variant": "darkpaintings:seavibe"
                }
              }
        },
        "model": "darkpaintings:item/paint/seavibe"
      },
      {
        "predicate": {
            "nbt": {
                "EntityTag": {
                  "variant": "darkpaintings:turkey"
                }
              }
        },
        "model": "darkpaintings:item/paint/turkey"
      },
      {
        "predicate": {
            "nbt": {
                "EntityTag": {
                  "variant": "darkpaintings:kerstball"
                }
              }
        },
        "model": "darkpaintings:item/paint/kerstball"
      },
      {
        "predicate": {
            "nbt": {
                "EntityTag": {
                  "variant": "darkpaintings:the_most_sweet_candy"
                }
              }
        },
        "model": "darkpaintings:item/paint/the_most_sweet_candy"
      },
      {
        "predicate": {
            "nbt": {
              "EntityTag": {
                "variant": "darkpaintings:sir_ramfrez_yarn_paradise"
              }
            }            
        },
        "model": "darkpaintings:item/paint/sir_ramfrez_yarn_paradise"
      },
      {
        "predicate": {
            "nbt": {
              "EntityTag": {
                "variant": "darkpaintings:scarlet_moon"
              }
            }            
        },
        "model": "darkpaintings:item/paint/scarlet_moon"
      },
      {
        "predicate": {
            "nbt": {
              "EntityTag": {
                "variant": "mcwpaintings:bonsai"
              }
            }            
        },
        "model": "mcwpaintings:item/paint/bonsai"
      },
      {
        "predicate": {
            "nbt": {
              "EntityTag": {
                "variant": "mcwpaintings:cliffs"
              }
            }            
        },
        "model": "mcwpaintings:item/paint/cliffs"
      },
      {
        "predicate": {
            "nbt": {
              "EntityTag": {
                "variant": "mcwpaintings:lights"
              }
            }            
        },
        "model": "mcwpaintings:item/paint/lights"
      },
      {
        "predicate": {
            "nbt": {
              "EntityTag": {
                "variant": "mcwpaintings:scenery_lava"
              }
            }            
        },
        "model": "mcwpaintings:item/paint/scenery_lava"
      },
      {
        "predicate": {
            "nbt": {
              "EntityTag": {
                "variant": "mcwpaintings:scenery_lava2"
              }
            }            
        },
        "model": "mcwpaintings:item/paint/scenery_lava2"
      },
      {
        "predicate": {
            "nbt": {
              "EntityTag": {
                "variant": "mcwpaintings:scenery_tree"
              }
            }            
        },
        "model": "mcwpaintings:item/paint/scenery_tree"
      },
      {
        "predicate": {
            "nbt": {
              "EntityTag": {
                "variant": "mcwpaintings:scenery_tree2"
              }
            }            
        },
        "model": "mcwpaintings:item/paint/scenery_tree2"
      },
      {
        "predicate": {
            "nbt": {
              "EntityTag": {
                "variant": "mcwpaintings:scenery_tree3"
              }
            }            
        },
        "model": "mcwpaintings:item/paint/scenery_tree3"
      },
      {
        "predicate": {
            "nbt": {
              "EntityTag": {
                "variant": "mcwpaintings:scenery_tree4"
              }
            }            
        },
        "model": "mcwpaintings:item/paint/scenery_tree4"
      },
      {
        "predicate": {
            "nbt": {
              "EntityTag": {
                "variant": "mcwpaintings:green_plant"
              }
            }            
        },
        "model": "mcwpaintings:item/paint/green_plant"
      },
      {
        "predicate": {
            "nbt": {
              "EntityTag": {
                "variant": "mcwpaintings:potted_plant"
              }
            }            
        },
        "model": "mcwpaintings:item/paint/potted_plant"
      },
      {
        "predicate": {
            "nbt": {
                "EntityTag": {
                  "variant": "darkpaintings:tetromino"
                }
              }
        },
        "model": "darkpaintings:item/paint/tetromino"
      },
      {
        "predicate": {
            "nbt": {
                "EntityTag": {
                  "variant": "darkpaintings:afternoon_volcano"
                }
              }
        },
        "model": "darkpaintings:item/paint/afternoon_volcano"
      },
      {
        "predicate": {
            "nbt": {
                "EntityTag": {
                  "variant": "darkpaintings:the_tower"
                }
              }
        },
        "model": "darkpaintings:item/paint/the_tower"
      },
      {
        "predicate": {
            "nbt": {
                "EntityTag": {
                  "variant": "darkpaintings:antler_maze"
                }
              }
        },
        "model": "darkpaintings:item/paint/antler_maze"
      },
      {
        "predicate": {
            "nbt": {
              "EntityTag": {
                "variant": "mcwpaintings:cacti"
              }
            }            
        },
        "model": "mcwpaintings:item/paint/cacti"
      },
      {
        "predicate": {
            "nbt": {
              "EntityTag": {
                "variant": "mcwpaintings:puffer_life"
              }
            }            
        },
        "model": "mcwpaintings:item/paint/puffer_life"
      },
      {
        "predicate": {
            "nbt": {
              "EntityTag": {
                "variant": "mcwpaintings:macaw"
              }
            }            
        },
        "model": "mcwpaintings:item/paint/macaw"
      },
      {
        "predicate": {
            "nbt": {
              "EntityTag": {
                "variant": "mcwpaintings:snake_plant"
              }
            }            
        },
        "model": "mcwpaintings:item/paint/snake_plant"
      },
      {
        "predicate": {
            "nbt": {
                "EntityTag": {
                  "variant": "darkpaintings:in_the_air"
                }
              }
        },
        "model": "darkpaintings:item/paint/in_the_air"
      },
      {
        "predicate": {
            "nbt": {
                "EntityTag": {
                  "variant": "darkpaintings:daybreak"
                }
              }
        },
        "model": "darkpaintings:item/paint/daybreak"
      },
      {
        "predicate": {
            "nbt": {
                "EntityTag": {
                  "variant": "darkpaintings:planets"
                }
              }
        },
        "model": "darkpaintings:item/paint/planets"
      },
      {
        "predicate": {
            "nbt": {
                "EntityTag": {
                  "variant": "darkpaintings:oceanic_view"
                }
              }
        },
        "model": "darkpaintings:item/paint/oceanic_view"
      },
      {
        "predicate": {
            "nbt": {
                "EntityTag": {
                  "variant": "darkpaintings:watching_the_sunset"
                }
              }
        },
        "model": "darkpaintings:item/paint/watching_the_sunset"
      },
      {
        "predicate": {
            "nbt": {
                "EntityTag": {
                  "variant": "darkpaintings:enderman"
                }
              }
        },
        "model": "darkpaintings:item/paint/enderman"
      },
      {
        "predicate": {
            "nbt": {
                "EntityTag": {
                  "variant": "darkpaintings:crimson_taiga"
                }
              }
        },
        "model": "darkpaintings:item/paint/crimson_taiga"
      },
      {
        "predicate": {
            "nbt": {
                "EntityTag": {
                  "variant": "darkpaintings:summer_heat"
                }
              }
        },
        "model": "darkpaintings:item/paint/summer_heat"
      },
      {
        "predicate": {
            "nbt": {
                "EntityTag": {
                  "variant": "darkpaintings:a_distant_light"
                }
              }
        },
        "model": "darkpaintings:item/paint/a_distant_light"
      },
      {
        "predicate": {
            "nbt": {
                "EntityTag": {
                  "variant": "darkpaintings:snowman_scenery"
                }
              }
        },
        "model": "darkpaintings:item/paint/snowman_scenery"
      },
      {
        "predicate": {
            "nbt": {
                "EntityTag": {
                  "variant": "darkpaintings:last_dreams_at_candyland"
                }
              }
        },
        "model": "darkpaintings:item/paint/last_dreams_at_candyland"
      },
      {
        "predicate": {
            "nbt": {
              "EntityTag": {
                "variant": "mcwpaintings:badlands"
              }
            }            
        },
        "model": "mcwpaintings:item/paint/badlands"
      },
      {
        "predicate": {
            "nbt": {
              "EntityTag": {
                "variant": "mcwpaintings:fox"
              }
            }            
        },
        "model": "mcwpaintings:item/paint/fox"
      },
      {
        "predicate": {
            "nbt": {
              "EntityTag": {
                "variant": "mcwpaintings:bats"
              }
            }            
        },
        "model": "mcwpaintings:item/paint/bats"
      },
      {
        "predicate": {
            "nbt": {
              "EntityTag": {
                "variant": "mcwpaintings:cacti_desert"
              }
            }            
        },
        "model": "mcwpaintings:item/paint/cacti_desert"
      },
      {
        "predicate": {
            "nbt": {
              "EntityTag": {
                "variant": "mcwpaintings:halloween_pumpkin"
              }
            }            
        },
        "model": "mcwpaintings:item/paint/halloween_pumpkin"
      },
      {
        "predicate": {
            "nbt": {
              "EntityTag": {
                "variant": "mcwpaintings:mountains"
              }
            }            
        },
        "model": "mcwpaintings:item/paint/mountains"
      },
      {
        "predicate": {
            "nbt": {
              "EntityTag": {
                "variant": "mcwpaintings:sakura"
              }
            }            
        },
        "model": "mcwpaintings:item/paint/sakura"
      },
      {
        "predicate": {
            "nbt": {
              "EntityTag": {
                "variant": "mcwpaintings:swamp_land"
              }
            }            
        },
        "model": "mcwpaintings:item/paint/swamp_land"
      },
      {
        "predicate": {
            "nbt": {
              "EntityTag": {
                "variant": "mcwpaintings:warped_forest"
              }
            }            
        },
        "model": "mcwpaintings:item/paint/warped_forest"
      },
      {
        "predicate": {
            "nbt": {
              "EntityTag": {
                "variant": "mcwpaintings:beach"
              }
            }            
        },
        "model": "mcwpaintings:item/paint/beach"
      },
      {
        "predicate": {
            "nbt": {
              "EntityTag": {
                "variant": "mcwpaintings:fall"
              }
            }            
        },
        "model": "mcwpaintings:item/paint/fall"
      },
      {
        "predicate": {
            "nbt": {
              "EntityTag": {
                "variant": "mcwpaintings:igloo"
              }
            }            
        },
        "model": "mcwpaintings:item/paint/igloo"
      },
      {
        "predicate": {
            "nbt": {
              "EntityTag": {
                "variant": "mcwpaintings:lighthouse"
              }
            }            
        },
        "model": "mcwpaintings:item/paint/lighthouse"
      },
      {
        "predicate": {
            "nbt": {
              "EntityTag": {
                "variant": "mcwpaintings:island"
              }
            }            
        },
        "model": "mcwpaintings:item/paint/island"
      },
      {
        "predicate": {
            "nbt": {
              "EntityTag": {
                "variant": "mcwpaintings:skyblock"
              }
            }            
        },
        "model": "mcwpaintings:item/paint/skyblock"
      },
      {
        "predicate": {
            "nbt": {
              "EntityTag": {
                "variant": "mcwpaintings:nether_portal"
              }
            }            
        },
        "model": "mcwpaintings:item/paint/nether_portal"
      },
      {
        "predicate": {
            "nbt": {
              "EntityTag": {
                "variant": "mcwpaintings:savana"
              }
            }            
        },
        "model": "mcwpaintings:item/paint/savana"
      },
      {
        "predicate": {
            "nbt": {
              "EntityTag": {
                "variant": "mcwpaintings:bridge"
              }
            }            
        },
        "model": "mcwpaintings:item/paint/bridge"
      },
      {
        "predicate": {
            "nbt": {
                "EntityTag": {
                  "variant": "darkpaintings:the_wheel"
                }
              }
        },
        "model": "darkpaintings:item/paint/the_wheel"
      },
      {
        "predicate": {
            "nbt": {
                "EntityTag": {
                  "variant": "darkpaintings:whale_dream"
                }
              }
        },
        "model": "darkpaintings:item/paint/whale_dream"
      },
      {
        "predicate": {
            "nbt": {
                "EntityTag": {
                  "variant": "darkpaintings:santa_moon"
                }
              }
        },
        "model": "darkpaintings:item/paint/santa_moon"
      },
      {
        "predicate": {
            "nbt": {
                "EntityTag": {
                  "variant": "darkpaintings:the_secret_neighborhood"
                }
              }
        },
        "model": "darkpaintings:item/paint/the_secret_neighborhood"
      },
      {
        "predicate": {
            "nbt": {
              "EntityTag": {
                "variant": "mcwpaintings:panda"
              }
            }            
        },
        "model": "mcwpaintings:item/paint/panda"
      },
      {
        "predicate": {
            "nbt": {
              "EntityTag": {
                "variant": "mcwpaintings:mountain"
              }
            }            
        },
        "model": "mcwpaintings:item/paint/mountain"
      },
      {
        "predicate": {
            "nbt": {
              "EntityTag": {
                "variant": "mcwpaintings:arctic_sky"
              }
            }            
        },
        "model": "mcwpaintings:item/paint/arctic_sky"
      },
      {
        "predicate": {
            "nbt": {
              "EntityTag": {
                "variant": "mcwpaintings:hill"
              }
            }            
        },
        "model": "mcwpaintings:item/paint/hill"
      },
      {
        "predicate": {
            "nbt": {
              "EntityTag": {
                "variant": "mcwpaintings:sunset_forest"
              }
            }            
        },
        "model": "mcwpaintings:item/paint/sunset_forest"
      },
      {
        "predicate": {
            "nbt": {
                "EntityTag": {
                  "variant": "darkpaintings:village"
                }
              }
        },
        "model": "darkpaintings:item/paint/village"
      },
      {
        "predicate": {
            "nbt": {
                "EntityTag": {
                  "variant": "darkpaintings:lumberjack"
                }
              }
        },
        "model": "darkpaintings:item/paint/lumberjack"
      },
      {
        "predicate": {
            "nbt": {
              "EntityTag": {
                "variant": "mcwpaintings:axolotls"
              }
            }            
        },
        "model": "mcwpaintings:item/paint/axolotls"
      },
      {
        "predicate": {
            "nbt": {
              "EntityTag": {
                "variant": "mcwpaintings:cherry_tree"
              }
            }            
        },
        "model": "mcwpaintings:item/paint/cherry_tree"
      },
      {
        "predicate": {
            "nbt": {
              "EntityTag": {
                "variant": "mcwpaintings:glow_squid"
              }
            }            
        },
        "model": "mcwpaintings:item/paint/glow_squid"
      },
      {
        "predicate": {
            "nbt": {
              "EntityTag": {
                "variant": "mcwpaintings:wither_rose"
              }
            }            
        },
        "model": "mcwpaintings:item/paint/wither_rose"
      },
      {
        "predicate": {
            "nbt": {
              "EntityTag": {
                "variant": "mcwpaintings:magnolia"
              }
            }            
        },
        "model": "mcwpaintings:item/paint/magnolia"
      },
      {
        "predicate": {
            "nbt": {
              "EntityTag": {
                "variant": "mcwpaintings:shinto"
              }
            }            
        },
        "model": "mcwpaintings:item/paint/shinto"
      },
      {
        "predicate": {
            "nbt": {
              "EntityTag": {
                "variant": "mcwpaintings:halloween_house"
              }
            }            
        },
        "model": "mcwpaintings:item/paint/halloween_house"
      },
      {
        "predicate": {
            "nbt": {
              "EntityTag": {
                "variant": "mcwpaintings:ghost"
              }
            }            
        },
        "model": "mcwpaintings:item/paint/ghost"
      },
      {
        "predicate": {
            "nbt": {
              "EntityTag": {
                "variant": "mcwpaintings:autumn"
              }
            }            
        },
        "model": "mcwpaintings:item/paint/autumn"
      },
      {
        "predicate": {
            "nbt": {
              "EntityTag": {
                "variant": "mcwpaintings:autumn_feel"
              }
            }            
        },
        "model": "mcwpaintings:item/paint/autumn_feel"
      },
      {
        "predicate": {
            "nbt": {
              "EntityTag": {
                "variant": "mcwpaintings:bat"
              }
            }            
        },
        "model": "mcwpaintings:item/paint/bat"
      },
      {
        "predicate": {
            "nbt": {
              "EntityTag": {
                "variant": "mcwpaintings:cat"
              }
            }            
        },
        "model": "mcwpaintings:item/paint/cat"
      },
      {
        "predicate": {
            "nbt": {
              "EntityTag": {
                "variant": "mcwpaintings:fox_view"
              }
            }            
        },
        "model": "mcwpaintings:item/paint/fox_view"
      },
      {
        "predicate": {
            "nbt": {
              "EntityTag": {
                "variant": "mcwpaintings:jack_o_lantern"
              }
            }            
        },
        "model": "mcwpaintings:item/paint/jack_o_lantern"
      },
      {
        "predicate": {
            "nbt": {
              "EntityTag": {
                "variant": "mcwpaintings:pumpkin"
              }
            }            
        },
        "model": "mcwpaintings:item/paint/pumpkin"
      },
      {
        "predicate": {
            "nbt": {
              "EntityTag": {
                "variant": "mcwpaintings:raccoon_view"
              }
            }            
        },
        "model": "mcwpaintings:item/paint/raccoon_view"
      },
      {
        "predicate": {
            "nbt": {
              "EntityTag": {
                "variant": "mcwpaintings:swamp"
              }
            }            
        },
        "model": "mcwpaintings:item/paint/swamp"
      },


      {
        "predicate": {
            "nbt": {
              "EntityTag": {
                "variant": "oaks_painting:american_gothic"
              }
            }            
        },
        "model": "oaks_painting:item/paint/american_gothic"
      },
      {
        "predicate": {
            "nbt": {
              "EntityTag": {
                "variant": "oaks_painting:barebones"
              }
            }            
        },
        "model": "oaks_painting:item/paint/barebones"
      },
      {
        "predicate": {
            "nbt": {
              "EntityTag": {
                "variant": "oaks_painting:birch_woodlands"
              }
            }            
        },
        "model": "oaks_painting:item/paint/birch_woodlands"
      },
      {
        "predicate": {
            "nbt": {
              "EntityTag": {
                "variant": "oaks_painting:buffalo_fight"
              }
            }            
        },
        "model": "oaks_painting:item/paint/buffalo_fight"
      },
      {
        "predicate": {
            "nbt": {
              "EntityTag": {
                "variant": "oaks_painting:camping_around"
              }
            }            
        },
        "model": "oaks_painting:item/paint/camping_around"
      },
      {
        "predicate": {
            "nbt": {
              "EntityTag": {
                "variant": "oaks_painting:campsight"
              }
            }            
        },
        "model": "oaks_painting:item/paint/campsight"
      },
      {
        "predicate": {
            "nbt": {
              "EntityTag": {
                "variant": "oaks_painting:cold_night"
              }
            }            
        },
        "model": "oaks_painting:item/paint/cold_night"
      },
      {
        "predicate": {
            "nbt": {
              "EntityTag": {
                "variant": "oaks_painting:dark_room"
              }
            }            
        },
        "model": "oaks_painting:item/paint/dark_room"
      },
      {
        "predicate": {
            "nbt": {
              "EntityTag": {
                "variant": "oaks_painting:dirty_path"
              }
            }            
        },
        "model": "oaks_painting:item/paint/dirty_path"
      },
      {
        "predicate": {
            "nbt": {
              "EntityTag": {
                "variant": "oaks_painting:dog_house"
              }
            }            
        },
        "model": "oaks_painting:item/paint/dog_house"
      },
      {
        "predicate": {
            "nbt": {
              "EntityTag": {
                "variant": "oaks_painting:dogs_playing_poker"
              }
            }            
        },
        "model": "oaks_painting:item/paint/dogs_playing_poker"
      },
      {
        "predicate": {
            "nbt": {
              "EntityTag": {
                "variant": "oaks_painting:floating_villages"
              }
            }            
        },
        "model": "oaks_painting:item/paint/floating_villages"
      },
      {
        "predicate": {
            "nbt": {
              "EntityTag": {
                "variant": "oaks_painting:forset_set"
              }
            }            
        },
        "model": "oaks_painting:item/paint/forset_set"
      },
      {
        "predicate": {
            "nbt": {
              "EntityTag": {
                "variant": "oaks_painting:furnaces"
              }
            }            
        },
        "model": "oaks_painting:item/paint/furnaces"
      },
      {
        "predicate": {
            "nbt": {
              "EntityTag": {
                "variant": "oaks_painting:game_teaser"
              }
            }            
        },
        "model": "oaks_painting:item/paint/game_teaser"
      },
      {
        "predicate": {
            "nbt": {
              "EntityTag": {
                "variant": "oaks_painting:ghostly_view"
              }
            }            
        },
        "model": "oaks_painting:item/paint/ghostly_view"
      },
      {
        "predicate": {
            "nbt": {
              "EntityTag": {
                "variant": "oaks_painting:hidden_book_shelf"
              }
            }            
        },
        "model": "oaks_painting:item/paint/hidden_book_shelf"
      },
      {
        "predicate": {
            "nbt": {
              "EntityTag": {
                "variant": "oaks_painting:looking_through_the_window"
              }
            }            
        },
        "model": "oaks_painting:item/paint/looking_through_the_window"
      },
      {
        "predicate": {
            "nbt": {
              "EntityTag": {
                "variant": "oaks_painting:market_day"
              }
            }            
        },
        "model": "oaks_painting:item/paint/market_day"
      },
      {
        "predicate": {
            "nbt": {
              "EntityTag": {
                "variant": "oaks_painting:movie"
              }
            }            
        },
        "model": "oaks_painting:item/paint/movie"
      },
      {
        "predicate": {
            "nbt": {
              "EntityTag": {
                "variant": "oaks_painting:mythic"
              }
            }            
        },
        "model": "oaks_painting:item/paint/mythic"
      },
      {
        "predicate": {
            "nbt": {
              "EntityTag": {
                "variant": "oaks_painting:oak_in_the_sea"
              }
            }            
        },
        "model": "oaks_painting:item/paint/oak_in_the_sea"
      },
      {
        "predicate": {
            "nbt": {
              "EntityTag": {
                "variant": "oaks_painting:ominous_banner"
              }
            }            
        },
        "model": "oaks_painting:item/paint/ominous_banner"
      },
      {
        "predicate": {
            "nbt": {
              "EntityTag": {
                "variant": "oaks_painting:port_market"
              }
            }            
        },
        "model": "oaks_painting:item/paint/port_market"
      },
      {
        "predicate": {
            "nbt": {
              "EntityTag": {
                "variant": "oaks_painting:restful_sunset"
              }
            }            
        },
        "model": "oaks_painting:item/paint/restful_sunset"
      },
      {
        "predicate": {
            "nbt": {
              "EntityTag": {
                "variant": "oaks_painting:scarecrow"
              }
            }            
        },
        "model": "oaks_painting:item/paint/scarecrow"
      },
      {
        "predicate": {
            "nbt": {
              "EntityTag": {
                "variant": "oaks_painting:smaller_kitchen"
              }
            }            
        },
        "model": "oaks_painting:item/paint/smaller_kitchen"
      },
      {
        "predicate": {
            "nbt": {
              "EntityTag": {
                "variant": "oaks_painting:stardew_cliff_edge"
              }
            }            
        },
        "model": "oaks_painting:item/paint/stardew_cliff_edge"
      },
      {
        "predicate": {
            "nbt": {
              "EntityTag": {
                "variant": "oaks_painting:supersuits"
              }
            }            
        },
        "model": "oaks_painting:item/paint/supersuits"
      },
      {
        "predicate": {
            "nbt": {
              "EntityTag": {
                "variant": "oaks_painting:tassy_devil"
              }
            }            
        },
        "model": "oaks_painting:item/paint/tassy_devil"
      },
      {
        "predicate": {
            "nbt": {
              "EntityTag": {
                "variant": "oaks_painting:the_end"
              }
            }            
        },
        "model": "oaks_painting:item/paint/the_end"
      },
      {
        "predicate": {
            "nbt": {
              "EntityTag": {
                "variant": "oaks_painting:under_the_sea"
              }
            }            
        },
        "model": "oaks_painting:item/paint/under_the_sea"
      },
      {
        "predicate": {
            "nbt": {
              "EntityTag": {
                "variant": "oaks_painting:villagers_island"
              }
            }            
        },
        "model": "oaks_painting:item/paint/villagers_island"
      }
  ]
}