{
	"display": {
		"icon": {
			"item": "minecraft:seagrass"
		},
		"title": {"translate":"The sea calls you..."},
		"description": {"color":"green","translate":"Find an ocean"},
		"announce_to_chat": "true"
	},
	"parent": "blazeandcave:biomes/just_keep_swimming",	
	"rewards": {
		"function": "bc_rewards:biomes/the_sea_calls_you"
	},	
	"criteria": {
		"ocean": {
			"trigger": "minecraft:location",
			"conditions": {
				"player": [
					{
						"condition": "minecraft:any_of",
						"terms": [
							{
								"condition": "minecraft:entity_properties",
								"entity": "this",
								"predicate": {
									"location": {
										"biome": "minecraft:warm_ocean"
									}
								}
							},
							{
								"condition": "minecraft:entity_properties",
								"entity": "this",
								"predicate": {
									"location": {
										"biome": "minecraft:lukewarm_ocean"
									}
								}
							},
							{
								"condition": "minecraft:entity_properties",
								"entity": "this",
								"predicate": {
									"location": {
										"biome": "minecraft:deep_lukewarm_ocean"
									}
								}
							},
							{
								"condition": "minecraft:entity_properties",
								"entity": "this",
								"predicate": {
									"location": {
										"biome": "minecraft:ocean"
									}
								}
							},
							{
								"condition": "minecraft:entity_properties",
								"entity": "this",
								"predicate": {
									"location": {
										"biome": "minecraft:deep_ocean"
									}
								}
							},
							{
								"condition": "minecraft:entity_properties",
								"entity": "this",
								"predicate": {
									"location": {
										"biome": "minecraft:cold_ocean"
									}
								}
							},
							{
								"condition": "minecraft:entity_properties",
								"entity": "this",
								"predicate": {
									"location": {
										"biome": "minecraft:deep_cold_ocean"
									}
								}
							},
							{
								"condition": "minecraft:entity_properties",
								"entity": "this",
								"predicate": {
									"location": {
										"biome": "minecraft:frozen_ocean"
									}
								}
							},
							{
								"condition": "minecraft:entity_properties",
								"entity": "this",
								"predicate": {
									"location": {
										"biome": "minecraft:deep_frozen_ocean"
									}
								}
							}
						]
					},
					{
						"condition": "minecraft:inverted",
						"term": {
							"condition": "minecraft:entity_properties",
							"entity": "this",
							"predicate": {
								"type_specific": {
									"type": "player",
									"gamemode": "spectator"
								}
							}
						}
					}
				]
			}
		}
	}
}