{
    "providers": [
        {
            "type": "bitmap",
            "file": "minecraft:font/logo.png",
            "ascent": 0,
            "height": 30,
            "chars": [
                "\u02ED"
            ]
        }
    ],
    "streaming": [
        {
            "type": "bitmap",
            "file": "minecraft:font/stream.png",
            "ascent": 0,
            "height": 5,
            "chars": [
                "\u1D2D"
            ]
        }
    ],
    "rec": [
        {
            "type": "bitmap",
            "file": "minecraft:font/rec.png",
            "ascent": 0,
            "height": 5,
            "chars": [
                "\u2375"
            ]
        }
    ],
    "play": [
        {
            "type": "bitmap",
            "file": "minecraft:font/play.png",
            "ascent": 0,
            "height": 5,
            "chars": [
                "\u1D6B"
            ]
        }
    ]
}
