{
	"display": {
		"icon": {
			"item": "minecraft:blue_banner"
		},
		"title": {"translate":"I'm not lost anymore!"},
		"description": {"color":"green","translate":"Right-click a banner with a map"},
		"announce_to_chat": "true"
	},
	"parent": "blazeandcave:adventure/mapmakers_table",
	"rewards": {
		"function": "bc_rewards:adventure/im_not_lost_anymore"
	},
	"criteria": {
		"map": {
			"trigger": "minecraft:item_used_on_block",
			"conditions": {
				"location": [
					{
						"condition": "minecraft:location_check",
						"predicate": {
							"block": {
								"tag": "minecraft:banners"
							}
						}
					},
					{
						"condition": "minecraft:match_tool",
						"predicate": {
							"items": [
								"minecraft:filled_map"
							]
						}
					}
				]
			}
		}
	}
}