{
	"display": {
		"icon": {
			"item": "minecraft:silence_armor_trim_smithing_template"
		},
		"title": {"translate":"The Sound of Silence"},
		"description": {"color":"#75E1FF","translate":"Find the Silence Smithing Template in an Ancient City"},
		"announce_to_chat": "true",
		"frame": "goal"
	},
	"parent": "blazeandcave:adventure/vexingly_hard_to_find",
	"rewards": {
		"function": "bc_rewards:adventure/the_sound_of_silence"
	},		
	"criteria": {
		"silence_armor_trim_smithing_template": {
			"trigger": "minecraft:inventory_changed",
			"conditions": {
				"items": [
					{
						"items": [
							"minecraft:silence_armor_trim_smithing_template"
						]
					}
				]
			}
		}
	}
}